raw,clean
Sydney,Sydney
Wfh. Makati,Makati
Eastwood Quezon City,Quezon City
Biñan,Biñan
Ortigas,Ortigas
Santa Maria Bulacan,Santa Maria
Remote,Remote
Mabalacat City,Mabalacat
Pasig,Pasig
Taguig,Taguig
Makati City,Makati
BGC,Taguig
Muntinlupa City,Muntinlupa
Pasig City,Pasig
Masinloc – Zambales,Masinloc
Unemployed,Unemployed
Taguig City,Taguig
McKinley Taguig,Taguig
Santa Maria – Bulacan – Philippines,Santa Maria
Muntinlupa (but fully remote),Muntinlupa
Cologne – Germany,Cologne
N/a,Unemployed
Mandaluyong City,Mandaluyong
Quezon City,Quezon City
Davao City,Davao
Makati,Makati
Newcastle Upon Tyne UK,Newcastle
BGC – Taguig,Taguig
Metro Manila,Metro Manila
Calderon St. Madaluyong City,Mandaluyong
Bgc taguig,Taguig
Bais & Bayawan City,Bais & Bayawan
Mabalacat,Mabalacat
Cavite,Cavite
Batangas,Batangas
Pasay,Pasay
Baguio,Baguio
wfh,Remote
pasig,Pasig
Mandaluyong,Mandaluyong
Paranaque,Paranaque
Work from home,Remote
Taytay – Rizal,Taytay
Paranaque City,Paranaque
N.A,Unemployed
Marikina,Marikina
Naga City – Philippines,Naga
MOA Complex – Pasay City,Pasay
Eastwood – QC,Quezon City
Ligao City,Ligao
Cebu City,Cebu
Japan (Remote),Japan
USA,USA
Baguio City,Baguio
San Mateo – California,California
Novi – Michigan,Michigan
remote,Remote
WFH,Remote
Remote.,Remote
Taguig City – Philippines,Taguig
Manila,Manila
abroad,Unemployed
Puerto Princesa City,Puerto Princesa
Muntinlupa,Muntinlupa
Mauban – Quezon,Quezon Province
Ortigas Mandaluyong,Mandaluyong
Angeles city,Angeles
Same location,Unemployed
San Juan City,San Juan
Manila – Metro Manila,Manila
LISP 1,LISP 1
Boston – MA – USA,Massachusetts
Cagayan de Oro City,Cagayan de Oro
Los Banos – Laguna – philippines,Laguna
Wfh,Remote
Panabo City,Panabo
Zamboanga City,Zamboanga
Taguig – Philippines,Taguig
Mandaluyong city,Mandaluyong
Angono – Rizal,Angono
Sibagat Agusan Del Sur,Sibagat
Alabang – Muntinlupa City,Muntinlupa
Malvar – Batangas,Batangas
Quezon city,Quezon City
Padre Faura – Ermita Manila,Manila
Makati – Manila,Makati
Caloocan,Caloocan
legazpi,Legazpi
Clark,Clark
Home,Remote
Alabang – Muntinlupa,Muntinlupa
Previous job – BGC,Unemployed
East Melbourne,Melbourne
bohol,Bohol
Perth – Australia,Perth
General Trias Cavite,Cavite
Laguna Philippines,Laguna
Cebu Vity,Cebu
Pampanga – PH,Pampanga
caloocan,Caloocan
Quezon City – as of now I am unemployed,Quezon City
Missouri – USA,Missouri
San jose city – nueva ecija – philippines,Nueva Ecija
Davao – Philippines,Davao
MAKATI,Makati
Parañaque,Paranaque
Taytay Rizal,Taytay
Calamba – Laguna,Laguna
Not working,Unemployed
Gingoog City,Gingoog
Calamba laguna,Laguna
Ortigas – Pasig.,Pasig
Brgy. Zabali – Baler – Aurora,Aurora
quezon city,Quezon City
Work From Home,Remote
Baliuag City – Bulacan,Baliuag
Catbalogan City,Catbalogan
Lingayen,Lingayen
Taguig City – Metro Manila,Taguig
Tacloban City,Tacloban
Manila City,Manila
Aleosan,Aleosan
Cairo,Cairo
Taguig city,Taguig
Valenzuela City,Valenzuela
Gensan,General Santos
Novaliches,Novaliches
Daraga – Albay – Bicol region,Daraga
Cagayan de Oro,Cagayan de Oro
Naga City – Camarines Sur,Naga
Calapan City – Oriental Mindoro,Calapan
Quezon.City,Quezon City
Mandaue – Cebu City Philippines,Mandaue
Madrid,Madrid
Alexandria,Alexandria
Benguet State University – Bokod Campus – Bukod – Benguet,Benguet
I work from home as a freelancer,Remote
Zambales,Zambales
Remote Work but occasional RTO to HQ in Pasig City,Remote
Monkayo – Davao de Oro,Monkayo
Balanga,Balanga
Cavite City,Cavite
Bonifacio Global City,Taguig
Zamboanga City – Philippines,Zamboanga
BGC – Taguig City,Taguig
Melbourne,Melbourne
Singapore,Singapore
Las Pinas City – Philippines,Las Piñas
Tagum City,Tagum
Biñan city,Biñan
Metro manila,Metro Manila
Intramuros Manila,Manila
Borongan City,Borongan
US,USA
Long Island but with a satellite office in Davao City,Davao
Pasig – Metro Manila,Pasig
San Ildefonso – Ilocos Sur,Ilocos Sur
Quezon City – Near SM North EDSA,Quezon City
Angeles City – Pampanga,Angeles
Laoag City,Laoag
OZAMIZ CITY,Ozamiz
City of Malolos – Bulacan,Malolos
Ipil – Philippines,Ipil
LUGAIT MISor,Lugait
Tuguegarao City,Tuguegarao
Sorsogon,Sorsogon
Penang,Penang
QC,Quezon City
Sta. Maria – Bulacan,Santa Maria
Doha,Doha
Ortigaas,Ortigas
Lucena City,Lucena
Quezon Avenue,Quezon City
Aseana City – Paranaque City,Paranaque
Municipality of Bula,Bula
Online – Remote Work – not limited for Office reporting,Remote
Still no work but I would prefer either Hybrid or Remote Setup,Remote
Tarlac City – Tarlac,Tarlac
Aleosan – North Cotabato,Aleosan
Cainta – Rizal,Cainta
Ayala – Makati,Makati
Olongapo City,Olongapo
bgc,Taguig
Davao (still applying),Davao
Home Study,Remote
Mandaluyong – Philippines,Mandaluyong
Lubao Pampanga,Lubao
new york,New York
Iligan City,Iligan
Shaw blvd – pasig city,Pasig
Ortigas Center,Ortigas
Quezon City/Hybrid WFH,Quezon City
Bayombong,Bayombong
Sohag –Egypt,Sohag
Harare – Zimbabwe,Harare
Pasig City – Manila,Pasig
Bgry. Bazal – Maria Aurora – Aurora,Aurora
Las Vegas,Las Vegas
Lakewood Ranch – Florida,Florida
Cavinti – Laguna,Laguna
General Trias – Cavite,Cavite
Taytay,Taytay
Lipa City,Lipa
Quezon City – Philippines,Quezon City
6october-Giza,Giza
still looking for work,Unemployed
Legazpi City – Albay,Legazpi
Kuala Lumpur,Kuala Lumpur
Bridgetowne – Quezon city – Metro Manila,Quezon City
Rizal,Rizal
Ortigas – Quezon City,Quezon City
Cavite – Laguna,Cavite
Naga City Camarines Sur PH,Naga
Newcastle,Newcastle
Iloilo City – Philippines,Iloilo
Manila – Philippines,Manila
Pili Camarines Sur,Pili
Chicago Illinois USA,Illinois
Los Banos – Laguna,Laguna
Clark – Pampanga,Clark
Robinsons cybergate Tower 2 mandaluyong city,Mandaluyong
Mali – Africa,Mali
Bacoor City,Bacoor
Oslo,Oslo